,Item,4Cluster
11,TC 70S-6 223,Large
12,TE 7018 03,Large
13,TC 70S-6 063,Large
14,CSF-71T 163,Large
15,TE 7018H4R 02,Large
16,TS308L-SI 093,Large
17,TE 6022 02,Large
18,TE 7018 01,Large
19,TCU SB 09,Large
20,TF309L-16 02P,Large
21,WAG 70S-6 093,Large
22,TT 316/316L 06,Large
23,TS 308L 093,Large
24,TS316L-SI 093,Large
25,TT 316/316L 05,Large
26,TE 6011 03,Large
27,TCC NSSW SF-1A 17,Large
28,TTU 2% TUNGSTEN 06,Large
29,TA 4043 07,Large
30,TC 70S-6 02,Large
31,TE 7024 048,Large
32,TE 7024-1 048,Large
33,TS 309L 173,Large
34,TCF 71T-1 163M,Large
35,TT 308/308L 04,Medium
36,WA H800D-TC XL,Medium
37,TE 7018 02HC,Medium
38,TT 70S-2 06,Medium
39,TC 70S-6 223K,Medium
40,TE 7024 03,Medium
41,TW GASLESS WIRE 051,Medium
42,TS 316L 093,Medium
43,TT 308/308L 05,Medium
44,TSF 309L EAGLE 17,Medium
45,TE 7024 02,Medium
46,CSF-71T 23,Medium
47,TE 6010 02,Medium
48,TCU AB-1 26,Medium
49,TCF 71T-1 17M,Medium
50,TE 7014 02,Medium
51,TCC EAGLE-ARC 719 16,Medium
52,TF309L-16 01P,Medium
53,TC 80S-D2 09,Medium
54,TF308L-16 02P,Medium
55,TE 6013 02,Medium
56,TT 70S-2 05,Medium
57,TW GASLESS WIRE 07,Medium
58,TT 308/308L 06,Medium
59,TE 7016 02,Medium
60,TCB EAGLE BW-71T 17,Medium
61,TC 70S-6 224,Medium
62,TT 70S-6 06,Medium
63,TCU LFB 06,Medium
64,TE 7018 02BHC,Medium
65,TN 625 17,Medium
66,TT 316/316L 04,Medium
67,TTU 2% TUNGSTEN 05,Medium
68,TS 309L 093,Medium
69,TF308L-16 01P,Medium
70,TAG 15 06F,Medium
71,TSF 316L EAGLE 17,Medium
72,TCU SB/04,Medium
73,TSF 308L EAGLE 17,Medium
74,TU AL345 02,Medium
75,TC 70S-6 239,Medium
76,TE 7016 03,Medium
77,TAG 40TCF 05,Medium
78,TA 4043 2365,Medium
79,TE 7024 04,Medium
80,TB 4043 05,Medium
81,MOG 70S-6 104,Medium
82,TE 7010A1 02,Medium
83,TC 100S-1 17,Medium
84,TW GASLESS WIRE 04,Medium
85,TS 308L 173,Medium
86,TC 100S-1 175,Medium
87,TT 70S-2 04,Medium
88,TS 308L 08,Medium
89,TN NI-99 02,Medium
90,TCB BW 799 17,Medium
91,TS308L-SI 173,Medium
92,TC 70S-6 229,Small
93,TE 7018 022,Small
94,TCU SB/05,Small
95,TB 5356 05,Small
96,TT 316/316L 07,Small
97,TSF 309L/0 EAGLE 17,Small
98,TE 7024 05,Small
99,TN 625/06,Small
100,WA H800D,Small
101,TE 7018 03HC,Small
102,TF316L-16 01P,Small
103,TS 308L 05,Small
104,TE 6011 01,Small
105,TCB BW 799 24,Small
106,TB 4043 06,Small
107,TCB BW 799 26,Small
108,TCC EAGLE-ARC 719 24,Small
109,TF316L-16 02P,Small
110,TE 6011 022,Small
111,TT 70S-6 05,Small
112,TC 70S-6 093W,Small
113,TS309L-SI 173,Small
114,TCU SB 05,Small
115,CW F7A6,Small
116,TE 7014 03,Small
117,CSF-71T NB 17,Small
118,TE 6013 01,Small
119,TA 5356 07,Small
120,YTE 7018 02,Small
121,TE 6010 03,Small
122,TA 4043 085,Small
123,TT 309/309L 05,Small
124,TN 625/05,Small
125,TS309L-SI 093,Small
126,TN 82/04,Small
127,TCC EAGLE-ARC 719 23,Small
128,TE 7024 038,Small
129,TU SOAPSTONE 01,Small
130,CW EM12K 28,Small
131,TT 309/309L 06,Small
132,WA H800-TC,Small
133,TCU AB 17,Small
134,WA H800D-TC,Small
135,TN NI-182 01,Small
136,TT 308/308L 03,Small
137,TC 120S-1 17,Small
138,TE 6013 03,Small
139,THF 600 173,Small
140,THF 700HT 173,Small
141,TT 70S-2 07,Small
142,TS316L-SI 173,Small
143,TB 5356 06,Small
144,TU ERTI-2/06,Small
145,TCU NB/07,Small
146,TS 316L 173,Small
147,TCU SB 17,Small
148,TC 110S-1 17,Small
149,TC 70S-2 093,Small
150,TC 70S-6 23,Small
151,TE 11018M 02,Small
152,TN NI-55 02,Small
153,TA 5356 237,Small
154,TN 82/05,Small
155,TU TENSL 02,Small
156,TN 82/06,Small
157,TE 7018 011,Small
158,TT 308/308L 07,Small
159,TCU SB/06,Small
160,TE 6022 03,Small
161,TC 70S-2 18,Small
162,TU ERTI-2/05,Small
163,TC 120S-1 27,Small
164,TC 70S-6 24,Small
165,TS 409CB 093,Small
166,TW 71T-11 081,Small
167,TC 70S-6 064,Small
168,TTU GL/T 05,Small
169,TT 70S-6 07,Small
170,CW 71T-12MJ 243,Small
171,TC 70S-6 09IT,Small
172,WA H855D-TC,Small
173,TC 70S-3 104,Small
174,TCF 71T-1 093M,Small
175,TC 70S-6 26,Small
176,TE 7018 04,Small
177,TC 70S-6 17IT,Small
178,CSF-71T 26,Small
179,TB 4043 04,Small
180,TC EAGLE-ARC 980X 05,Small
181,TE 7018A1 02,Small
182,TT 316/316L 03,Small
183,TCU DEOX 17,Small
184,TS 316L 08,Small
185,TF 330-16 02,Small
186,TW GASLESS WIRE 093,Small
187,TCF 71T-1 24M,Small
188,TCU LFB 05,Small
189,TAG 5 06F,Small
190,TC 120S-1 09,Small
191,TAG 15 06B,Small
192,TCU NS/10,Small
193,TS 316L 05,Small
194,CSF-71T NB 163,Small
195,TCU NS/09,Small
196,TN C276 09,Small
197,TN NI-182 02,Small
198,TA 4043 235,Small
199,TCC EAGLE-ARC 719 20,Small
200,TC 100S-1 09,Small
201,TF308L-16 03P,Small
202,TAG 56CF 25,Small
203,TS308L-SI 05,Small
204,TN C276/05,Small
205,TCC NSSW SF-1A 24,Small
206,TE 6013 022,Small
207,TSF 309L EAGLE 16,Small
208,TCU LFB/09,Small
209,TC 70S-6 19R,Small
210,TFT 308L 06,Small
211,TC 70S-6 10K,Small
212,TAG 30CF 28,Small
213,TN 67/05,Small
214,TCF 81T1-NI2 24,Small
215,TT 308/308L 02,Small
216,TE 7018 02N,Small
217,TA 4043 04,Small
218,CW EM12K 299,Small
219,TF 310-16 02,Small
220,TT 90S-B3 06,Small
221,TC 80S-D2 17,Small
222,TE 6011 04,Small
223,TU ERTI-2/04,Small
224,TC 70S-6 033,Small
225,TCC EAGLE-ARC 719 21,Small
226,TST 316LT1-5 05,Small
227,TE 6011 011,Small
228,CW 70S-6 093,Small
229,TC 70S-6 07,Small
230,TT 80S-D2 05,Small
231,TC 70S-6 09K,Small
232,CW EM12K 25,Small
233,MOG 70S-6 184,Small
234,TT 70S-2 03,Small
235,TE 7014 04,Small
236,TN NI-112 01,Small
237,TC 80S-B2 17,Small
238,TAG 0 09,Small
239,TC 70S-6 123K,Small
240,TN 625/03,Small
241,TT 309/309L 04,Small
242,TSF 308LT1-1 093,Small
243,TN 99 16,Small
244,TS308L-SI 121,Small
245,TG G/C 05,Small
246,TE 6010 01,Small
247,CSF-71T 22,Small
248,WAG 70S-6 08,Small
249,TC 70S-3 093,Small
250,TSF 308L EAGLE 24,Small
251,TT 320LR 06,Small
252,TC 70S-3 06,Small
253,TTU GL/T 06,Small
254,TT 80S-D2 04,Small
255,TS 309L 08,Small
256,TSF 316LT1-1 093,Small
257,TE 8018B2 02,Small
258,TN C276 17,Small
259,TT 70S-6 04,Small
260,TN C22 09,Small
261,TSF 2209T1-1 243,Small
262,TCU LFB/11,Small
263,TH 700 03,Small
264,TFT 316L 06,Small
265,TT 2209 06,Small
266,TT 320LR 05,Mini
267,TS308L-SI 063,Mini
268,TN 625 09,Mini
269,TN 99 09A,Mini
270,TFT 308L 05,Mini
271,TE 7014 01,Mini
272,TU 959T/05,Mini
273,TSF 310T1-1 173,Mini
274,TM NI-99 02,Mini
275,TB 5356 04,Mini
276,TGC 308L 06,Mini
277,TE 7018H4R 02P,Mini
278,TCF 71T-1 233M,Mini
279,TNF 625FC 173,Mini
280,TT 317L 06,Mini
281,TT 80S-B2 06,Mini
282,TN NI-99 01,Mini
283,TCU LFB/10,Mini
284,TU AL345 01,Mini
285,TN 55 17,Mini
286,CSF-71T 15,Mini
287,TF316L-16 03P,Mini
288,TCU LFB/06,Mini
289,TT 2209 05,Mini
290,TC 70S-6 04,Mini
291,TE 6013 011,Mini
292,TE 8018C3 02U,Mini
293,TC 70S-6 17K,Mini
294,TCU SB 06,Mini
295,TS308L-SI 223,Mini
296,TA 5356 085,Mini
297,TS 308L 063,Mini
298,WA TH 05T 100,Mini
299,TH 700 02,Mini
300,TN 82 09,Mini
301,TS309L-SI 121,Mini
302,TCU LFB/05,Mini
303,YTE 7018 03,Mini
304,TF 310-16 01,Mini
305,WAG 70S-6 05,Mini
306,CW EM12K 27,Mini
307,TT 17-4 PH 04,Mini
308,TW GASLESS WIRE 173,Mini
309,TS 308L 02,Mini
310,TSF 2209T1-1 173,Mini
311,TT 317L 05,Mini
312,TST 308LT1-5 05,Mini
313,TN 60/05,Mini
314,TW 71T-11 243,Mini
315,TA 5356 235,Mini
316,TN 67/06,Mini
317,TCU NB/04,Mini
318,TFT 316L 05,Mini
319,TCB BW 777 17,Mini
320,TE 7018 01HC,Mini
321,TE 11018M 03,Mini
322,WA EQ 20SI,Mini
323,TC 90S-B3 17,Mini
324,TCU LFB/08,Mini
325,THF 350HT 173,Mini
326,TS308L-SI 08,Mini
327,TW 71T-11 173,Mini
328,TF309L-16 03P,Mini
329,TT 90S-B3 05,Mini
330,TT316L-SI 04,Mini
331,TN C276/06,Mini
332,THF 600 243,Mini
333,TU AL345 02S,Mini
334,TCU CU-NI-AL 17,Mini
335,TN 625/04,Mini
336,TW GASLESS WIRE 04B,Mini
337,TR RG 60 06,Mini
338,TT 310 06,Mini
339,CSF-71T 244,Mini
340,WA MIG PLIER,Mini
341,TF308L-16 04P,Mini
342,TCF 81T1-NI1M 17,Mini
343,WA TH 05T 50,Mini
344,TS309L-SI 22,Mini
345,TSF 308LT1-1 08,Mini
346,YTE 6013 02,Mini
347,TU AL FLUXCORED 06,Mini
348,TN C22/05,Mini
349,TS 904L 17,Mini
350,TCD 70C-6M 24,Mini
351,TN NI-112 02,Mini
352,TT 80S-NI1 06,Mini
353,TU ERTI-12/06,Mini
354,TF 312-16 02,Mini
355,TCC NSSW SF-1B 17,Mini
356,TC 110S-1 09,Mini
357,TT 309/309L 05U,Mini
358,TT 17-4 PH 05,Mini
359,TM 70S-2 04,Mini
360,TCD 70C-6M 163,Mini
361,TCF 71T-1 19M,Mini
362,TC 70S-6 25,Mini
363,CW CA-101S,Mini
364,TCB BW 799 163,Mini
365,TN 99 09,Mini
366,TN NI-99 03,Mini
367,TSF 309LT1-1 093,Mini
368,TCU AB/05,Mini
369,TM 4043 05,Mini
370,TE 7018 033,Mini
371,TT 80S-NI2 06,Mini
372,TS 2594 17,Mini
373,TAG 45CF 25,Mini
374,TT 80S-D2 06,Mini
375,TCU AB-1 24,Mini
376,TN C22/06,Mini
377,TT 316/316L 02,Mini
378,TCD 2209T1-1 24,Mini
379,TM 308/308L 04,Mini
380,TCU AB 09,Mini
381,TT 90S-B9 05,Mini
382,TT 80S-B2 05,Mini
383,TN 60/06,Mini
384,TTU P/T 05G,Mini
385,CSF-71T 17,Mini
386,TAG 45CF-24/5,Mini
387,THF CRCRB-O 173,Mini
388,TAG 30 25,Mini
389,CW 71T-12MJ 173,Mini
390,TC 70S-6 01,Mini
391,TCF 81T1-B2 17,Mini
392,MOG 70S-6 08,Mini
393,TS308L-SI 093A,Mini
394,TS 312 173,Mini
395,TS 2209 173,Mini
396,WA H700,Mini
397,TE 7014 022,Mini
398,TCU SB 08,Mini
399,TU SOAPSTONE 03,Mini
400,TH 800 03,Mini
401,TTU C/T 05,Mini
402,THF 700HT 243,Mini
403,TN 99 17,Mini
404,TCU DEOX/05,Mini
405,MOG 70S-6 05,Mini
406,TU 4130 05,Mini
407,TS 309L 05,Mini
408,TCF 91T1-B3M 17,Mini
409,TW GASLESS WIRE 161,Mini
410,TN 82 17,Mini
411,TCU DEOX/06,Mini
412,TN 99/05,Mini
413,TE 6011 033,Mini
414,TT 317L 07,Mini
415,TU ZIRC 702/05,Mini
416,TCF 71T-1 08M,Mini
417,WA RED HANDLE KNIFE 24293R,Mini
418,TN 82 16,Mini
419,TS 308L 04,Mini
420,TN X/03,Mini
421,TS 308L 07,Mini
422,TR RG 45 08,Mini
423,WA GC300T,Mini
424,TS 310 173,Mini
425,TCF 71T-1 15M,Mini
426,MOG 70S-6 02,Mini
427,WA H800,Mini
428,TF308L-16 00,Mini
429,TU TENSL 02U,Mini
430,TCD 316LT1-1 17,Mini
431,TCB EAGLE BW-71T 163,Mini
432,TM LFB 05,Mini
433,TE 7018 03BHC,Mini
434,TAG 45CF 04F,Mini
435,TM NI-99 01,Mini
436,TSF 316LT1-1 08,Mini
437,TU ALU-ZINC 02,Mini
438,TAG 56CF 04F,Mini
439,TT 2594 06,Mini
440,TC 80S-B2 09,Mini
441,TM 4043 04,Mini
442,TE 7014 011,Mini
443,WA EQ 50SIW,Mini
444,TT 80S-B8 06,Mini
445,TS 347 093,Mini
446,TW 71T-11 051,Mini
447,TCU NS/11,Mini
448,TE 7018A1 01HSC,Mini
449,TT 90S-B9 06,Mini
450,TT316L-SI 03,Mini
451,TS316L-SI 05,Mini
452,TE 7018 01BHC,Mini
453,TC 70S-6 18K,Mini
454,WA EH500L,Mini
455,TT 316/316L 08,Mini
456,TE 6010 022,Mini
457,TT 347 06,Mini
458,TS 316L 063,Mini
459,TSF 316L/0 EAGLE 17,Mini
460,TS 316L 02,Mini
461,WAG 70S-6 173,Mini
462,TCD 308LT1-1 17,Mini
463,TT 310 05,Mini
464,TT309L-SI 05,Mini
465,TN 188/03,Mini
466,TH 900 02,Mini
467,TCU CU-NI-AL/05,Mini
468,TCU NS 08Y,Mini
469,TN NI-A 01,Mini
470,TN C22/04,Mini
471,TE 6011 03P,Mini
472,TN 625/02,Mini
473,TAG 35CF 045F,Mini
474,TSF 308L/0 EAGLE 17,Mini
475,TU CHIPG S.,Mini
476,TS 630 093,Mini
477,TTU C/T 06,Mini
478,TT 309/309L 07,Mini
479,TM 70S-2 05,Mini
480,TM 316/316L 04,Mini
481,TT 2209 07,Mini
482,TS316L-SI 08,Mini
483,TN NI-55 01,Mini
484,TG G/C 07,Mini
485,TR RG 45 06,Mini
486,TN 82 08,Mini
487,TA 4043 055,Mini
488,TF 2209-16 02,Mini
489,TTU P/T 06G,Mini
490,TT 17-4 PH 06,Mini
491,TT316L-SI 05,Mini
492,TT 312 04,Mini
493,TN 67/04,Mini
494,TT308L-SI 05,Mini
495,TN 253MA 173,Mini
496,TN C276 02,Mini
497,TN X/04,Mini
498,TU ERTI-2 24,Mini
499,TCF 71T-1 25M,Mini
500,TGC 308L 05,Mini
501,TW 71T-11 093,Mini
502,TC 70S-3 125,Mini
503,TG G/C/J 08,Mini
504,TZ COBALT-6 00,Mini
505,WA MIG-PLASMA CARTS,Mini
506,TE 7018 03N,Mini
507,TE 6012 03,Mini
508,TN C276/04,Mini
509,TS 2209 093,Mini
510,TG G/C/J 10,Mini
511,TD EM12K 28,Mini
512,TCU AB3 24,Mini
513,TTU L/T 05,Mini
514,THF 450 173,Mini
515,TU TENSILEWELD/05,Mini
516,TN NI-99 04,Mini
517,TCU PBC/06,Mini
518,TN NI-141 03,Mini
519,TN 625/07,Mini
520,TN 718 17,Mini
521,TE 6011 02U,Mini
522,TC 80S-W 09,Mini
523,TU 4130 04,Mini
524,TM 316/316L 05,Mini
525,TM SB/04,Mini
526,TN NI-55 03,Mini
527,TT308L-SI 04,Mini
528,TS 630 173,Mini
529,TZ COBALT-6 02B/36,Mini
530,TB 5356 03,Mini
531,TTU L/T 06,Mini
532,TN 82/03,Mini
533,TCU DEOX 09,Mini
534,TC 70S-3 222,Mini
535,TN 61/05,Mini
536,TE 7018 02P,Mini
537,TF309L-16 04P,Mini
538,TGS 308L 27,Mini
539,TS 310 093,Mini
540,TM 308/308L 05,Mini
541,TC 70S-6 093B,Mini
542,YTE 6010 02,Mini
543,TAG 45 25,Mini
544,TC 90S-B3 08,Mini
545,TT 120S-1 06,Mini
546,TN 60 17,Mini
547,WAG 70S-6 02,Mini
548,TN 99/04,Mini
549,TT 309/309L 04U,Mini
550,TF 330-16 03,Mini
551,TU TENSL 01,Mini
552,TT 70S-2 02,Mini
553,TT 2594 05,Mini
554,TCB 71T-1 17,Mini
555,TS 316L 07,Mini
556,TM 5356 05,Mini
557,TE 8018B2 01,Mini
558,TSF 309LT1-1 08,Mini
559,TS 317L 093,Mini
560,TF309L-17 02,Mini
561,TC 80S-NI1 09,Mini
562,TS 316L 243,Mini
563,TM NI-55 02,Mini
564,TS 410 28,Mini
565,YTE 7024 03,Mini
566,TC 70S-6 16,Mini
567,TAG 45CF 04F/25,Mini
568,TU 4130 17,Mini
569,TC 90S-B9 17,Mini
570,TM AL345 02,Mini
571,TT 347 05,Mini
572,TE 11018M 01,Mini
573,CW F7A2,Mini
574,TU 4130 09,Mini
575,WA EH200T,Mini
576,TN C276/07,Mini
577,TE 9018B3 02,Mini
578,TM LFB 06,Mini
579,TN NI-182 03,Mini
580,TN 99 08,Mini
581,TN 60/07,Mini
582,TTU 2% TUNGSTEN 04,Mini
583,TT 80S-B8 05,Mini
584,TT 347 02,Mini
585,TAG 5 05,Mini
586,TH 900 04,Mini
587,TH 900 03,Mini
588,TB 4043 03,Mini
589,TH 700 04,Mini
590,TU TENSILEWELD/04,Mini
591,TU GALVBAR 09,Mini
592,TAG 56CF 04F/25,Mini
593,TT 309/309L 03,Mini
594,TU ERTI-5/06,Mini
595,TN C276 03,Mini
596,TT 120S-1 05,Mini
597,TE 7018H4R 03,Mini
598,TT 308H 05,Mini
599,TS 309L 243,Mini
600,TH 900 05,Mini
601,TT 2209 04,Mini
602,TGC 308L 07,Mini
603,TE 8018C3 03U,Mini
604,TB A356 04,Mini
605,MOG 70S-6 064,Mini
606,TT 312 05,Mini
607,TN C276 01,Mini
608,TCF 111T1-K3M 17,Mini
609,TE 6010 011,Mini
610,TAG 56CF 05,Mini
611,TCU CU-NI-AL/06,Mini
612,TC 70S-6 10B,Mini
613,TT 347 03,Mini
614,TT 347 04,Mini
615,TC 70S-6 104IT,Mini
616,TC 80S-D2 06,Mini
617,TNF 82FC 17,Mini
618,TC 80S-B8 17,Mini
619,TCC SF-308LP 17,Mini
620,TCU LFB/04,Mini
621,TCU AB/06,Mini
622,TM SB/05,Mini
623,TN X/05,Mini
624,TT 80S-B6 05,Mini
625,TM 4043 06,Mini
626,TT 80S-NI2 07,Mini
627,TU AL345 03,Mini
628,TF 312-16 01,Mini
629,TM 308/308L 03,Mini
630,TT 904L 06,Mini
631,TC 70S-6 220,Mini
632,TU CHAMFER02,Mini
633,TF 347-16 01,Mini
634,TC 70S-3 18,Mini
635,TSF 317LT1-1 17,Mini
636,TC 70S-2 173,Mini
637,TS 317L 173,Mini
638,TCD 308LT1-1 24,Mini
639,TN X/06,Mini
640,TCU SB 07,Mini
641,TF 309/309H-16 01,Mini
642,TE 12018M 04,Mini
643,TN 99/06,Mini
644,TC 90S-B3 09,Mini
645,TN C276 27,Mini
646,TA 5356 04,Mini
647,TF 308/308H-16 01,Mini
648,TM 309/309L 04,Mini
649,TE 8018C3 01U,Mini
650,TU ERTI-1/05,Mini
651,TAG 5 06/2,Mini
652,TF309L-17 03,Mini
653,TG K1000A,Mini
654,TF 2209-16 01,Mini
655,TF309LMO1603,Mini
656,TF320LR-16 03,Mini
657,TS 347 173,Mini
658,TF316L-17 02,Mini
659,TE 7018A1 01,Mini
660,TT 330 06,Mini
661,TAG 45CF 05F,Mini
662,TS309L-SI 08,Mini
663,TE 7028 03,Mini
664,TS 410NIMO 173,Mini
665,TT308L-SI 06,Mini
666,TC 70S-3 19,Mini
667,TE 6010 04,Mini
668,WA H744/855-OL/5,Mini
669,TCU SB/03,Mini
670,TS 410 173,Mini
671,TCB BW 799 213,Mini
672,TG G/C 06,Mini
673,TZ COBALT-6 01B/36,Mini
674,TC 80S-B2 07,Mini
675,TW GASLESS WIRE 07B,Mini
676,TB 4043 07,Mini
677,TT 308H 06,Mini
678,TSF 316L EAGLE 24,Mini
679,WA EH300T,Mini
680,TR RG 45 05,Mini
681,TS 330 17,Mini
682,TGC 309L 06,Mini
683,TN C22 17,Mini
684,TU 4140 04,Mini
685,TS 312 093,Mini
686,TAG 35CF 06F,Mini
687,TC 80S-NI1 17,Mini
688,TA 5183 24,Mini
689,TCF 71T-1 224M,Mini
690,TN NI-141 02,Mini
691,TT 17-4 PH 02,Mini
692,TF309MO16 01,Mini
693,TCF 71T-1 22M,Mini
694,TSF 317LT1-1 16,Mini
695,TT 80S-D2 03,Mini
696,TAG 45CF-24/3,Mini
697,TW 71T-11 161,Mini
698,TG G/C 04,Mini
699,TCU SB/07,Mini
700,WA PLASTIC SCABBARD 24293R,Mini
701,TW 71T-11 07,Mini
702,TM 70S-2 03,Mini
703,TAG 0 06F,Mini
704,WA CCOFT,Mini
705,TZ COBALT-12 02,Mini
706,WA TH 05R 50,Mini
707,TT 80S-B6 06,Mini
708,TS316L-SI 243,Mini
709,WC ANT SPAT 01,Mini
710,TU 959T/04,Mini
711,TE 8018B2 02HSC,Mini
712,WA CC300,Mini
713,TS 320LR 17,Mini
714,TCU NS 06B,Mini
715,TCU PHOSBRONZE A 02,Mini
716,TA 5183 08,Mini
717,TE 9018B3 01,Mini
718,TCU SB 02,Mini
719,TN L605/04,Mini
720,TN NI-55 04,Mini
721,TN INVAR 36 17,Mini
722,TF 308/308H-16 03,Mini
723,TC 80S-B2 06,Mini
724,TC 70S-6 18B,Mini
725,WA TH 05T 25,Mini
726,TU 959T/06,Mini
727,TT 308/308L 08,Mini
728,TE 6013 04,Mini
729,TM ERTI-2/04,Mini
730,TS 904L 09,Mini
731,TU 4130 03,Mini
732,TM 309/309L 05,Mini
733,TCF 71T-1 17CO,Mini
734,TM NI-55 01,Mini
735,TE 12018M 03,Mini
736,TGC 309L 05,Mini
737,TE 7018H4R 01,Mini
738,TT 70S-3 05,Mini
739,TE 12018M 02,Mini
740,TN 67 17,Mini
741,TNF C276 17,Mini
742,TE 6013 00,Mini
743,TCU PBC/05,Mini
744,TE 11018M 04,Mini
745,TN 61 17,Mini
746,TT 80S-NI1 05,Mini
747,TCU DEOX/03,Mini
748,TAG 15 04/2,Mini
749,TS 312 243,Mini
750,TCF 110T1-K3M 17,Mini
751,TTU 3TH 05,Mini
752,TT 110S-1 05,Mini
753,TT 310 04,Mini
754,TE 7018AC 022,Mini
755,TC 80S-B6 17,Mini
756,THF 600 16,Mini
757,TU ERTI-5/03,Mini
758,TU ERTI-1/06,Mini
759,TAG 45CF 28,Mini
760,TG G/CF 04,Mini
761,TU 4340 05,Mini
762,TT 330 05,Mini
763,TU ZIRC 702/06,Mini
764,TSF 316L EAGLE 16,Mini
765,TSF 309L EAGLE 24,Mini
766,TAG 15 05,Mini
767,TCB BW 777 163,Mini
768,TB 1100 05,Mini
769,TS316L-SI 063,Mini
770,TE 7016 01,Mini
771,TT316L-SI 06,Mini
772,TU ERTI-5/04,Mini
773,TCC SF-308LF 17,Mini
774,TZ COBALT-6 02,Mini
775,TU AZ92A 05,Mini
776,TS 317L 243,Mini
777,TT 70S-6 08,Mini
778,TC 100S-1 24,Mini
779,TF 310-16 04,Mini
780,CSF-71T NB 244,Mini
781,TN 82/07,Mini
782,TF309L-16 02,Mini
783,TN 55 08,Mini
784,TU ERTI-2 09,Mini
785,TM 5356 04,Mini
786,TE 7018 05,Mini
787,TU PHOSBRONZE C 02U,Mini
788,TU AZ61A 236,Mini
789,TH 60 02,Mini
790,TH 300 03,Mini
791,TS308L-SI 16,Mini
792,TC 80S-D2 08,Mini
793,CSF-71T 24,Mini
794,TGC 309L 07,Mini
795,TS 420 093,Mini
796,WA EQ-50SI,Mini
797,TCC SF-316LP 17,Mini
798,TB 5183 05,Mini
799,TST 347T1-5 05,Mini
800,TT 80S-D2 07,Mini
801,TH 800 02,Mini
802,TT 317L 04,Mini
803,TT 90S-B3 07,Mini
804,TT 312 02,Mini
805,TW 71T-11 04,Mini
806,TT 308/308L 01,Mini
807,TT 17-4 PH 03,Mini
808,TN EST 02,Mini
809,TT 70S-6 03,Mini
810,TN 718/06,Mini
811,TS 420 173,Mini
812,TM 70S-2 06,Mini
813,TFT 309L 06,Mini
814,WA GC300L,Mini
815,TN 67/07,Mini
816,WA SPARK STICK RP,Mini
817,TF 309/309H-16 02,Mini
818,TS 320LR 09,Mini
819,TE 7018-1 02,Mini
820,TE 9018B9 02,Mini
821,TAG 0 06,Mini
822,TE 7018AC 02,Mini
823,TC 70S-3 05,Mini
824,TB 5556 06,Mini
825,TT 312 03,Mini
826,TCD 71T-1 163,Mini
827,TC 80S-NI2 17,Mini
828,TT 70S-3 06,Mini
829,TCF 71T-1 225M,Mini
830,TT308L-SI 03,Mini
831,TC 70S-6 120,Mini
832,TT 320LR 04,Mini
833,TA 4043 24,Mini
834,TCU AB-1 17,Mini
835,TF316L-16 04P,Mini
836,TT316L-SI 02,Mini
837,TE 8018B2 03,Mini
838,TN 61 09,Mini
839,THF CRMN-O 173,Mini
840,TU ERTI-2/03,Mini
841,TT 309/309L 02,Mini
842,TT 310 03,Mini
843,TF309LMO1601,Mini
844,TC 70S-6 243,Mini
845,TS 308H 09,Mini
846,TA 5356 240,Mini
847,TFT 347 06,Mini
848,TM 70S-6 04,Mini
849,TA 5183 2365,Mini
850,TF309LMO1602,Mini
851,TM308L-16 01,Mini
852,TCU SB/02,Mini
853,WA H700-HG,Mini
854,TU ERTI-23/05,Mini
855,YTE 7018 01,Mini
856,TE 7010A1 01,Mini
857,TC 70S-6 15,Mini
858,TM 5356 06,Mini
859,TN 60/03,Mini
860,THF CRCRB-O 243,Mini
861,TE 6013 001,Mini
862,TSF 410NIMO-T1 24,Mini
863,TB A356 05,Mini
864,TT 110S-1 06,Mini
865,TN 718/04,Mini
866,TU 959T/02,Mini
867,TT 2594 04,Mini
868,TCU PBC 09,Mini
869,TU ERTI-1/04,Mini
870,TFT 347 05,Mini
871,TST 309LT1-5 05,Mini
872,TCC SF-316LP 09,Mini
873,TE 6011 03U,Mini
874,TCF 71T-12MJ 17,Mini
875,TCD 71T-1 17,Mini
876,TM 308/308L 06,Mini
877,TCU DEOX/08,Mini
878,TN 625 08,Mini
879,TCU AB 24,Mini
880,YTE 7024 02,Mini
881,TS 308L 01,Mini
882,TC 80S-D2 05,Mini
883,TN NI-A 02,Mini
884,TN 61/04,Mini
885,TC 70S-3 173,Mini
886,TB 5183 06,Mini
887,TE 7024 049,Mini
888,TU ERTI-23/06,Mini
889,TAG 50 25,Mini
890,TCB 70C-6M 24,Mini
891,TN C22 01,Mini
892,TB 5183 07,Mini
893,TN 55/04,Mini
894,TF 347-16 02,Mini
895,TS 330 09,Mini
896,TS 316L 04,Mini
897,TF316L-16 00P,Mini
898,TCC NSSW SF-1B 24,Mini
899,TCU RAINIER 40 02,Mini
900,TTU L/T 04,Mini
901,TU ERTI-7/06,Mini
902,TT 100S-1 05,Mini
903,TS 309L 07,Mini
904,TT 410NIMO 05,Mini
905,CSF-71T 234,Mini
906,TU AZ61A 06,Mini
907,TE 6013 000,Mini
908,TF320LR-16 01,Mini
909,TE 9018B9 01,Mini
910,TSF 2594T1-1 17,Mini
911,TU TENSL 03,Mini
912,TE 6011 02P,Mini
913,TF 316/316H-16 02,Mini
914,TCF 81T1-B2 08,Mini
915,TH 14 02,Mini
916,TM ALU-ZINC 02,Mini
917,TW 71T-11 253,Mini
918,TS 308L 16,Mini
919,TCU RAINIER 5A 02,Mini
920,TAG 45CF 06F,Mini
921,TE 6012 04,Mini
922,TAG 56CF 05F,Mini
923,TB 1100 04,Mini
924,TCC SF-316LP 24,Mini
925,TR RG 45 04,Mini
926,TU ERTI-5/05,Mini
927,TS 2209 27,Mini
928,TAG 5 06B,Mini
929,WA EH250T,Mini
930,TS 309L 02,Mini
931,TTU Z/T 06,Mini
932,THF NIMANG-14-0 17,Mini
933,TCU AB/04,Mini
934,TU ERTI-2/02,Mini
935,TE 6013 0011,Mini
936,TZ COBALT-21 02B/36,Mini
937,TM 308/308L 02,Mini
938,TT 312 06,Mini
939,TCD 309LT1-1 17,Mini
940,TU ERTI-1/03,Mini
941,TU ERTI-5/0318,Mini
942,TS 308L 24,Mini
943,TSF 347T1-1 173,Mini
944,TT 80S-B2 04,Mini
945,TAG 45CF-24/1,Mini
946,WA GL500L,Mini
947,TM 70S-6 05,Mini
948,TT 17-4 PH 00,Mini
949,TN 61/06,Mini
950,TN 718/02,Mini
951,TT 90S-B9 07,Mini
952,TN 718/05,Mini
953,TB 5356 02,Mini
954,TM AL345 01,Mini
955,TT 904L 05,Mini
956,TT 70S-2 08,Mini
957,TU AZ92A 06,Mini
958,TM 70S-2 02,Mini
959,TSF 312T1-1 24,Mini
960,TT 410NIMO 06,Mini
961,TC 70S-2 063,Mini
962,TF316L-17 01,Mini
963,TC 70S-6 173W,Mini
964,TAG 45CF 05,Mini
965,TE 6027 03,Mini
966,WC NOZ DIP 01,Mini
967,TU 4140 05,Mini
968,TF904L-16 02,Mini
969,WA CCAFT,Mini
970,TR RG 60 04,Mini
971,TE 8018C3 02,Mini
972,THF 55-G 173,Mini
973,TF320LR-16 02,Mini
974,TCU CU-NI-AL/04,Mini
975,TN 61 24,Mini
976,TS308L-SI 02,Mini
977,TS308L-SI 07,Mini
978,TS 310 243,Mini
979,WA CYT-14CH,Mini
980,TFT 309L 05,Mini
981,TCU SB 04,Mini
982,TB 4943 05,Mini
983,TT 316/316L 01,Mini
984,TT 100S-1 04,Mini
985,TCU MNAB 17,Mini
986,TN 55 09,Mini
987,TN NI-112 03,Mini
988,TAG 2 04,Mini
989,TN 601/06,Mini
990,TCU NAVAL BRONZE/05,Mini
991,TAG 6 04/2,Mini
992,TM LFB 04,Mini
993,TE 6013 033,Mini
994,TA 5556 24,Mini
995,TCU NAVAL BRONZE/04,Mini
996,TAG 50NCF 25,Mini
997,TF 2594-16 03,Mini
998,TAG 45CF-27/5,Mini
999,TM 316/316L 03,Mini
1000,TN 61/07,Mini
1001,TS 309L 27,Mini
1002,TU RCI 09,Mini
1003,TN 82/02,Mini
1004,TM ERTI-5/03,Mini
1005,YTE 6010 03,Mini
1006,TU ERTI-7/045,Mini
1007,TF 308/308H-16 02,Mini
1008,TF308L-16 01,Mini
1009,TF309NB-16 02,Mini
1010,TC 80S-B6 09,Mini
1011,TS 309L 063,Mini
1012,TTU 3TH 06,Mini
1013,TZ COBALT-6 01,Mini
1014,TA 5556 2355,Mini
1015,TT 70S-6 02,Mini
1016,TH 14 03,Mini
1017,TCU LFB/07,Mini
1018,TB 4047 04,Mini
1019,TM LFB/05,Mini
1020,TSF 308LT-3 08,Mini
1021,TAG 56CF-24/1,Mini
1022,TT 410 05,Mini
1023,TN 55/05,Mini
1024,TA 5554 2355,Mini
1025,TB 4047 05,Mini
1026,TCU DEOX/04,Mini
1027,TE 7018H4R 01P,Mini
1028,TU 4130 02,Mini
1029,TA 1100 07,Mini
1030,TT 70S-B2L 05,Mini
1031,TT 80S-B2 07,Mini
1032,TAG 35CF 04F,Mini
1033,TM 309/309L 03,Mini
1034,TU AZ61A 24,Mini
1035,TN NI-A 03,Mini
1036,TM TENSL 01,Mini
1037,TM LFB/04,Mini
1038,TT 80S-NI2 05,Mini
1039,TCU PBC/04,Mini
1040,TB 1100 06,Mini
1041,TCU SB/08,Mini
1042,TE 6010 033,Mini
1043,WA H800-OL/5,Mini
1044,TS 309 173,Mini
1045,TCF 81T1-B2 09,Mini
1046,TM RG 45 04,Mini
1047,TC 70S-6 11,Mini
1048,TT 347 07,Mini
1049,WA H800D-TC XL IL/5,Mini
1050,TB 5556 05,Mini
1051,TE 6012 02,Mini
1052,WA GL300L,Mini
1053,TU TENSILEWELD/03,Mini
1054,TT 90S-B9 04,Mini
1055,TT 330 04,Mini
1056,TM RG 45 05,Mini
1057,TM TENSL 02,Mini
1058,TT 17-4 PH 01,Mini
1059,TCB BW 777 25,Mini
1060,TT 316/316L 04U,Mini
1061,TA 4043 2355,Mini
1062,TM 6013 00,Mini
1063,TCU LFB 08,Mini
1064,TCB BW 777 243,Mini
1065,TE 7024 01,Mini
1066,TGC 316L 05,Mini
1067,TU ERTI-2 17,Mini
1068,TS 316 173,Mini
1069,TN NI-187 02,Mini
1070,TT 320LR 03,Mini
1071,TM 316/316L 06,Mini
1072,TC 80S-W 08,Mini
1073,WA SPARK STICK,Mini
1074,TM LFB/06,Mini
1075,TS 309LMO 09,Mini
1076,TU AZ61A 04,Mini
1077,TT 410 04,Mini
1078,TM ERTI-2/03,Mini
1079,TM AZ92A 05,Mini
1080,TN 718 24,Mini
1081,TN INVAR 36/06,Mini
1082,TF317L-16 01,Mini
1083,TS 409CB 08,Mini
1084,TU AL FLUXCORED 05,Mini
1085,TT 70S-2 01,Mini
1086,TN 253MA/05,Mini
1087,TE 6010 03P,Mini
1088,TF 310-16 03,Mini
1089,TB 5183 04,Mini
1090,TE 7028 04,Mini
1091,TCU AB/02,Mini
1092,TE 7014 033,Mini
1093,TN 60/04,Mini
1094,TM308L-16 02,Mini
1095,TSF 312T1-1 173,Mini
1096,WA TH 05R 100,Mini
1097,WA EH400B,Mini
1098,TN C276 16,Mini
1099,TE 9018M 03,Mini
1100,TN 55/06,Mini
1101,TE 9018M 02,Mini
1102,TH 60 04,Mini
1103,TM 625/05,Mini
1104,TF317L-16 02,Mini
1105,TU ERTI-5 17,Mini
1106,TT309L-SI 04,Mini
1107,TGC 316L 06,Mini
1108,TN 61/02,Mini
1109,TN X 01,Mini
1110,TSF 308L EAGLE 16,Mini
1111,TF410NIMO-16 02,Mini
1112,TN 253MA 01,Mini
1113,TT 320LR 02,Mini
1114,TR RG 60 05,Mini
1115,TS 309L 04,Mini
1116,TS 308 093,Mini
1117,TAG 15 06FM,Mini
1118,TCU NS 068W,Mini
1119,TT 70S-3 04,Mini
1120,TU ERTI-2/07,Mini
1121,TAG 56CF 236,Mini
1122,TU AZ61A 05,Mini
1123,TB 4943 06,Mini
1124,TN 718/03,Mini
1125,TU TENSILEWELD/06,Mini
1126,TF 312-16 03,Mini
1127,WA MIG-CARTS,Mini
1128,TT 80S-D2 02,Mini
1129,WA GC200T,Mini
1130,TF 330-16 01,Mini
1131,TF 307-16 02,Mini
1132,THF 350HT 243,Mini
1133,TB 4643 04,Mini
1134,TC 70S-6 123B,Mini
1135,TT316L-SI 07,Mini
1136,TE 11018M 05,Mini
1137,TS 316L 16,Mini
1138,WA PG24000,Mini
1139,TC 70S-3 08,Mini
1140,TU P-20 05,Mini
1141,TM 80S-D2 04,Mini
1142,TM SB/06,Mini
1143,TT 309LMO 05,Mini
1144,TU PHOSBRONZE C 03U,Mini
1145,YTE 6013 01,Mini
1146,TN C276/03,Mini
1147,TT 80S-NI1 07,Mini
1148,TB 4943 04,Mini
1149,TU ERTI-7/05,Mini
1150,WA GC500L,Mini
1151,TB 5356 07,Mini
1152,TSF 308LT1-1 07,Mini
1153,WAG GASLESS WIRE 081,Mini
1154,TCB BW 799 235,Mini
1155,TU ZIRC 702/04,Mini
1156,TCU SB/09,Mini
1157,TAG 56CF-24/3,Mini
1158,TT 110S-1 04,Mini
1159,TE 7018 04P,Mini
1160,WA CC300-M,Mini
1161,TU 959T/03,Mini
1162,TT 120S-1 04,Mini
1163,TAG 50N 25,Mini
1164,TS309L-SI 05,Mini
1165,TR RG 60 07,Mini
1166,TB 4043 02,Mini
1167,TA 5356 075,Mini
1168,TT 70S-A1 05,Mini
1169,TU CUTROD 02,Mini
1170,WA SPARKLIGHTER-S,Mini
1171,TS309L-SI 06,Mini
1172,TT 310 07,Mini
1173,TCU NB/06,Mini
1174,TT 17-7 PH/03,Mini
1175,TB 5554 05,Mini
1176,TTU Z/T 05,Mini
1177,TCU AB3 17,Mini
1178,TS 218 17,Mini
1179,WA CYT-8CH,Mini
1180,TT 420 06,Mini
1181,TN W/03,Mini
1182,TS 308 08,Mini
1183,TM TENSILEWELD/04,Mini
1184,TF410NIMO-16 03,Mini
1185,TAG 56CF-24/5,Mini
1186,TM SB/03,Mini
1187,TU TENSILEWELD 093,Mini
1188,TT 90S-B3 04,Mini
1189,TM AL FLUXCORED 06,Mini
1190,TU CHAMFER03,Mini
1191,TE 8018B2 01HSC,Mini
1192,WA H800-IL/5,Mini
1193,TM 99/04,Mini
1194,TT 320LR 07,Mini
1195,TM 99/05,Mini
1196,TS 316L 033,Mini
1197,TAG 50CF 05,Mini
1198,TU TENSL 01U,Mini
1199,TM 70S-6 06,Mini
1200,TH 60 03,Mini
1201,TCU LFB 04,Mini
1202,TAG 45CF 04,Mini
1203,TSF 630T0-1 17,Mini
1204,TG G/CF 072,Mini
1205,TG G/C/J 09,Mini
1206,TM 80S-D2 03,Mini
1207,TM RG 45 06,Mini
1208,TT 80S-B8 07,Mini
1209,TT 430 04,Mini
1210,TH 300 04,Mini
1211,TT 70S-B2L 06,Mini
1212,TU 4340 04,Mini
1213,TF 410-16 02,Mini
1214,TNF 99MC 173,Mini
1215,THF 300 173,Mini
1216,TM ERTI-2/05,Mini
1217,WA FL308,Mini
1218,TS 410NIMO 09,Mini
1219,TW GASLESS WIRE 063,Mini
1220,TZ COBALT-21 02,Mini
1221,WA GC500T,Mini
1222,TF 2209-16 03,Mini
1223,TCU SBE 02,Mini
1224,TM 82/05,Mini
1225,TM 309/309L 06,Mini
1226,TF 2594-16 02,Mini
1227,TCC NSSW SF-1A 21,Mini
1228,TT 70S-2 00,Mini
1229,TF316L-17 03,Mini
1230,TM 625/06,Mini
1231,TW GASLESS WIRE 243,Mini
1232,TT 2209 02,Mini
1233,TE 7018 049,Mini
1234,TSF 410NIMOT0-4 173,Mini
1235,TAG 45CF-06/1,Mini
1236,TN 82 06,Mini
1237,TCU PBC/03,Mini
1238,TN 625/01,Mini
1239,TC 80S-W 17,Mini
1240,TE 7018AC 011,Mini
1241,TT 70S-3 07,Mini
1242,TS 309L 01,Mini
1243,WA H700MB,Mini
1244,TF 309/309H-16 03,Mini
1245,TT 17-7 PH/04,Mini
1246,TT 316L 00,Mini
1247,TT 80S-B6 04,Mini
1248,TT 308L 00,Mini
1249,TS 2209 16,Mini
1250,WA H700/LS,Mini
1251,TU ERTI-7/04,Mini
1252,TE 7018A1 03,Mini
1253,TT 70S-B2L 04,Mini
1254,TS308L-SI 04,Mini
1255,TAS 40/60 281R,Mini
1256,WC COOL F.128,Mini
1257,TT 420 04,Mini
1258,TCU AB3/05,Mini
1259,TU ERTI-9/04,Mini
1260,TE 7018AC 03,Mini
1261,TE 9018B3 03,Mini
1262,TU ERTI-1 09,Mini
1263,TR RG 60 06C,Mini
1264,TE 6010 04P,Mini
1265,TS 309 08,Mini
1266,TCU DEOX 24,Mini
1267,WA TIP STD,Mini
1268,TM C276/05,Mini
1269,TU ERTI-23/04,Mini
1270,TU 959M 17,Mini
1271,TCF 91T1-B9M 17,Mini
1272,TTU C/T 04,Mini
1273,TT 312 05U,Mini
1274,TH 800 04,Mini
1275,TT 70S-6 01,Mini
1276,TS 308 05,Mini
1277,TG G/C 02,Mini
1278,TF308L-17 01,Mini
1279,TA 2319 236,Mini
1280,TC 80S-B2 08,Mini
1281,TN G30/05,Mini
1282,TSF 316LT0-1 093,Mini
1283,TN G30/06,Mini
1284,TG K1000A BODY,Mini
1285,WA H855D,Mini
1286,TB 4043 08,Mini
1287,TC CONE,Mini
1288,TC 100S-1 15,Mini
1289,TT 410NIMO 04,Mini
1290,TM 4043 03,Mini
1291,TS 410 27,Mini
1292,TS 2209 05,Mini
1293,TC 110S-1 24,Mini
1294,WA TH 05R 25,Mini
1295,TE SUPER 500 02,Mini
1296,TCU AB/07,Mini
1297,TF904L-16 01,Mini
1298,TN 617/04,Mini
1299,TU AZ92A 236,Mini
1300,TCC SF-309LP 17,Mini
1301,TE 7018 01P,Mini
1302,TN C276 08,Mini
1303,TT 309L 06U,Mini
1304,TT 312 04U,Mini
1305,TSF 409T0-1 17,Mini
1306,TN INVAR 36/04,Mini
1307,TT 321 05A,Mini
1308,WA EH250L,Mini
1309,THF COMCARB-O 173,Mini
1310,TF 347-16 04,Mini
1311,TN 61 06,Mini
1312,TT 80S-B3L 05,Mini
1313,TM 347 05,Mini
1314,TS 420 24,Mini
1315,TT 410 02,Mini
1316,TM 312 04,Mini
1317,TG G/C/J 07,Mini
1318,TCD 71T-12MJ 17,Mini
1319,TAS 60/40 241R,Mini
1320,YTE 9018-B3 02,Mini
1321,WA H800-HG,Mini
1322,TC 70S-B2L 09,Mini
1323,TCF 81T1-NI2 17,Mini
1324,TS 309L 16,Mini
1325,TM AZ92A 06,Mini
1326,TS 317L 08,Mini
1327,TM ZIRC 702/05,Mini
1328,TE 7018A1 04,Mini
1329,TN NI-141 04,Mini
1330,YTE 9018-B3 03,Mini
1331,TCU AB 08,Mini
1332,TCU PBA 09,Mini
1333,TS 347 08,Mini
1334,TCU NS/04,Mini
1335,TT 410 06,Mini
1336,TGS 316L 27,Mini
1337,THF 700HT 16,Mini
1338,TE 7018 04HC,Mini
1339,TC 80S-B8 09,Mini
1340,TM ERTI-2/06,Mini
1341,TM309L-16 02,Mini
1342,TS 316L 27,Mini
1343,TT 347H 05,Mini
1344,TF 2209-16 04,Mini
1345,TM 347 04,Mini
1346,ZTC 70S-6 093,Mini
1347,TE 9018B3 04,Mini
1348,YTE 8018-B2 02,Mini
1349,TM 308/308L 01,Mini
1350,TS 309 093,Mini
1351,TM 80S-D2 02,Mini
1352,YTE 8018-B2 03,Mini
1353,TAG 56CF 06C,Mini
1354,TCC SF-308LP 24,Mini
1355,TN C22/02,Mini
1356,WA CC400,Mini
1357,TT 904L 04,Mini
1358,TSF 309LT-3 17,Mini
1359,TU ERTI-2 07,Mini
1360,TF308L-16 001,Mini
1361,TZ COBALT-6 04B/36,Mini
1362,TE 9018B3 02HSC,Mini
1363,TCF 71T-12MJ 163,Mini
1364,TA 5556 07,Mini
1365,TM TENSILEWELD/05,Mini
1366,TM309L-16 01,Mini
1367,TE 6027 04,Mini
1368,TAG 45CF 05/20,Mini
1369,TS 308H 28,Mini
1370,TC 90S-B3 16,Mini
1371,TF308L-15 01,Mini
1372,TFT 308H 05,Mini
1373,TA 5554 235,Mini
1374,TU 4130 06,Mini
1375,TAS 50/50 BARS,Mini
1376,THF 250 17,Mini
1377,TE 7024 022,Mini
1378,TCD 70C-6M 223,Mini
1379,TCF 81T1-W 17,Mini
1380,TN 99/03,Mini
1381,TT309L-SI 06,Mini
1382,WA EH500T,Mini
1383,TE 8018C1 02,Mini
1384,TAS 60/40 281R,Mini
1385,TM 625/04,Mini
1386,TSF 308LT1-1 173,Mini
1387,TAG 50N 06,Mini
1388,TF 410-16 01,Mini
1389,TU 937T/04,Mini
1390,TF309L-17 01,Mini
1391,TT 307 06,Mini
1392,TS308L-SI 03,Mini
1393,WA CL-TE-2AF,Mini
1394,TSF 410T0-1 173,Mini
1395,TCU SB/01,Mini
1396,TS 410 24,Mini
1397,TS316L-SI 02,Mini
1398,TM 82/04,Mini
1399,TAG 54CF 06,Mini
1400,TB 4047 06,Mini
1401,TA 4043 075,Mini
1402,TCB 70C-6M 26,Mini
1403,TC 80S-NI1 08,Mini
1404,TF316L-16 001,Mini
1405,TM308L-16 00,Mini
1406,TS 316L 01,Mini
1407,TE 7028 02,Mini
1408,TA 4047 24,Mini
1409,TW 71T-11 16,Mini
1410,TE 8018C3 01,Mini
1411,TAS 50/50 241S,Mini
1412,TN 60 09,Mini
1413,TTU P/T 07G,Mini
1414,TA 5554 236,Mini
1415,TM 316/316L 02,Mini
1416,TCD 2209T1-1 17,Mini
1417,WAG 70S-6 04,Mini
1418,TC 80S-NI2 09,Mini
1419,TH 2460 03,Mini
1420,TTU 2% TUNGSTEN 07,Mini
1421,TM 55/05,Mini
1422,TM 70S-6 03,Mini
1423,TAG 56CF 04,Mini
1424,TU 959T/015,Mini
1425,WA H800-BP/2,Mini
1426,TT 70S-A1 06,Mini
1427,TSF 309MOLT-1 173,Mini
1428,TA 5554 075,Mini
1429,WA GC300J,Mini
1430,TN X/02,Mini
1431,TSF 309MOLT-1 243,Mini
1432,TS 409CB 17,Mini
1433,TT 317L 03,Mini
1434,TM NI-99 03,Mini
1435,TS 410 093,Mini
1436,TN NI-686 01,Mini
1437,TW 71T-11 18,Mini
1438,TSF 308LT0-1 093,Mini
1439,TH 700 04U,Mini
1440,TN C22/03,Mini
1441,TT 316H 06,Mini
1442,TM316L-16 01,Mini
1443,WA EH300L,Mini
1444,TC 100S-1 08,Mini
1445,TCU AB 16,Mini
1446,TU P-20 06,Mini
1447,TT 100S-1 03,Mini
1448,TS 2594 09,Mini
1449,TM ZIRC 702/04,Mini
1450,TM 625/02,Mini
1451,TSF 316LT0-1 08,Mini
1452,TGS 308L 28,Mini
1453,TM 6011 01,Mini
1454,WA C214,Mini
1455,TT 80S-NI2 04,Mini
1456,TTU P/T 04G,Mini
1457,WC GREEN SPAT 02,Mini
1458,TH 300 04U,Mini
1459,TA 5183 07,Mini
1460,TF316L-16 01,Mini
1461,TS 2209 08,Mini
1462,TF308L-17 03,Mini
1463,TA 4047 2365,Mini
1464,TR RG 45 07,Mini
1465,TS 330 08,Mini
1466,WA PG2400,Mini
1467,TCU SB 15,Mini
1468,TT 80S-NI1 04,Mini
1469,TS 309 05,Mini
1470,TF317L-16 03,Mini
1471,TAG 45CF-27/3,Mini
1472,WA H744/H855-HG,Mini
1473,TAG 50NCF 04,Mini
1474,TCB 70C-6M 17,Mini
1475,TE 7018 044,Mini
1476,TM 80S-D2 05,Mini
1477,TU TENSILEWELD 08,Mini
1478,TM 347 02,Mini
1479,TT 309/309H 06,Mini
1480,TE 8018C3 03,Mini
1481,TN 601/05,Mini
1482,WAG 70S-6 16,Mini
1483,TS 430 093,Mini
1484,TM 4130 04,Mini
1485,TS 309L 28,Mini
1486,TT 409CB 05,Mini
1487,TT 310 08,Mini
1488,TT 209 06,Mini
1489,TCU LFB 07,Mini
1490,TCU SB 01,Mini
1491,TN 617/05,Mini
1492,TFT 316L 045,Mini
1493,TN 617/06,Mini
1494,TA 5356 2355,Mini
1495,TS 308 173,Mini
1496,TS 308H 17,Mini
1497,TM ERTI-5/02,Mini
1498,TT 70S-3 03,Mini
1499,TN C22 08,Mini
1500,TH 80 03,Mini
1501,TCU NB/05,Mini
1502,TH 300 02,Mini
1503,TW 71T-11 23,Mini
1504,TT 310 02,Mini
1505,TN 99 07,Mini
1506,TU P-20 04,Mini
1507,TE 9015B9 01,Mini
1508,TT 17-4 PH 06U,Mini
1509,TAF SB 108,Mini
1510,TW GASLESS WIRE 15,Mini
1511,TM X/04,Mini
1512,TGS 308L 26,Mini
1513,TAG 6 06,Mini
1514,TA 1100 235,Mini
1515,TB 5356 08,Mini
1516,WA PG2200,Mini
1517,TM 937T/04,Mini
1518,WA MI-TTS-M,Mini
1519,TE 7018A1 02HSC,Mini
1520,TB 2319 04,Mini
1521,TN NI-141 01,Mini
1522,TM AZ61A 04,Mini
1523,TN 718/01,Mini
1524,TCU PBA 17,Mini
1525,TM 7018 01,Mini
1526,TM 82/03,Mini
1527,TAG 56CF 06F,Mini
1528,WA PG230,Mini
1529,TCF 71T-1 19LF,Mini
1530,THF 300 24,Mini
1531,TE 9018M 01,Mini
1532,TM AZ61A 05,Mini
1533,TM 330 05,Mini
1534,TT 312 06U,Mini
1535,TZ COBALT-1 01B,Mini
1536,TT 316H 05,Mini
1537,TB 5554 06,Mini
1538,TAG 35 27,Mini
1539,TC 70S-2 08,Mini
1540,TT 330 03,Mini
1541,TU 958T/04,Mini
1542,WAG 70S-6 07,Mini
1543,TM ERTI-1/04,Mini
1544,TS316L-SI 03,Mini
1545,TAG 45CF 04/2,Mini
1546,TGC 50B 05,Mini
1547,TE 8018C3 04,Mini
1548,TM 347 03,Mini
1549,TM ERTI-2/02,Mini
1550,TCU CU-NI-AL 09,Mini
1551,TT 317L 02,Mini
1552,TA 4145 236,Mini
1553,TA 4145 2355,Mini
1554,TM TENSILEWELD/03,Mini
1555,TU ERTI-3/04,Mini
1556,TE 4140 02,Mini
1557,TE 6011 01U,Mini
1558,TC 90S-B9 09,Mini
1559,TT 308H 07,Mini
1560,TM 309/309L 02,Mini
1561,TTU C/T 07,Mini
1562,TM 7018 02,Mini
1563,CSF-71LF 15,Mini
1564,TC 120S-1 24,Mini
1565,TF 316/316H-16 01,Mini
1566,TB 2319 05,Mini
1567,TSF 309LT-3 24,Mini
1568,TCF 71T-1 213M,Mini
1569,WA CCOCT,Mini
1570,TT 218 05,Mini
1571,WA H700/S,Mini
1572,TS308L-SI 243,Mini
1573,TU CUTROD 04,Mini
1574,TU 959T/020,Mini
1575,TB 4047 03,Mini
1576,TAG 45-24/5,Mini
1577,TS 316 08,Mini
1578,TF310MO-16 03,Mini
1579,TF317L-16 04,Mini
1580,TU RCI 07,Mini
1581,TE 7014 001,Mini
1582,TE 8018-B8 02,Mini
1583,TAG 35 06,Mini
1584,TF309L-16 00,Mini
1585,TAF AB 620,Mini
1586,TM 937T/02,Mini
1587,WA MI-MTS-M,Mini
1588,WA CC100,Mini
1589,TM W/04,Mini
1590,TS 2594 08,Mini
1591,TT 218 03,Mini
1592,TT316L-SI 08,Mini
1593,TC 70S-2 02,Mini
1594,WA PG25400,Mini
1595,TZ COBALT-1 02B/36,Mini
1596,TT 347 01,Mini
1597,TH 14 04,Mini
1598,WA PG254000,Mini
1599,TB 5554 02,Mini
1600,TM ERTI-7/05,Mini
1601,TM 55/06,Mini
1602,TM ERTI-7/06,Mini
1603,TU 966T/04,Mini
1604,TM ERTI-2/07,Mini
1605,TN 55 07,Mini
1606,THF 300 16,Mini
1607,TCU NS/05,Mini
1608,TT 308H 04,Mini
1609,TAG 40TCF-24/1,Mini
1610,TE 7018H4R 03P,Mini
1611,TT 410 03,Mini
1612,TM 6011 02,Mini
1613,TS 430 17,Mini
1614,WA FLAT HOLDER,Mini
1615,TAG 50NCF-24/5,Mini
1616,TT 309LMO 06,Mini
1617,TAG 56CF-06/1,Mini
1618,TT 80S-NI1 03,Mini
1619,TC 70S-2 05,Mini
1620,TF 347-16 03,Mini
1621,THF 600/04,Mini
1622,TM 959T/02,Mini
1623,TM 4043 08,Mini
1624,TC 80S-D2 16,Mini
1625,TM 316/316L 07,Mini
1626,TT308L-SI 02,Mini
1627,TU 937T/02,Mini
1628,TS 310 08,Mini
1629,TAG 35CF 05F/25,Mini
1630,TU 943T/05,Mini
1631,TC 90S-B9 24,Mini
1632,TB 2319 06,Mini
1633,TF320LR-15 01,Mini
1634,TZ COBALT-21 03B/36,Mini
1635,TN W/04,Mini
1636,TAS 95/5SB 281,Mini
1637,TM 309/309L 07,Mini
1638,TAG 56CF 06,Mini
1639,TN NI-112 04,Mini
1640,TS 309LMO 17,Mini
1641,TGC 50B 07,Mini
1642,TCB 70C-6M 23,Mini
1643,TS 307SI 17,Mini
1644,TT 316H 07,Mini
1645,TU 938T/05,Mini
1646,TU 8620 05,Mini
1647,TCU AB-1/05,Mini
1648,TN 99 05,Mini
1649,WA H855-IL/5,Mini
1650,TB 4043 01,Mini
1651,WA H700-OL/5,Mini
1652,TM 312 03,Mini
1653,TW GASLESS WIRE 093G,Mini
1654,WA MAG-L,Mini
1655,TCU MNAB/05,Mini
1656,TE 4140 03,Mini
1657,TS 312 02,Mini
1658,TM 70S-6 02,Mini
1659,TA 5554 07,Mini
1660,WA PG2100,Mini
1661,TU 4130 01,Mini
1662,TCF 70C-6M 25,Mini
1663,TF 307-16 03,Mini
1664,TG G/CF 071,Mini
1665,WA PG2530,Mini
1666,TC 110S-1 08,Mini
1667,TAG 2 05,Mini
1668,TAG 2 06,Mini
1669,TU TENSILEWELD/02,Mini
1670,TU 958T/02,Mini
1671,TC 90S-B9 08,Mini
1672,TB 4145 04,Mini
1673,TAS 96/4AG 241 KIT,Mini
1674,TSF 309LT1-1 07,Mini
1675,TSF 309L/0 EAGLE 24,Mini
1676,WAG 70S-6 01,Mini
1677,TCU NS 056,Mini
1678,TN 625 04,Mini
1679,TCU PBA/04,Mini
1680,TTU Z/TG 05,Mini
1681,TAF SSBF 116,Mini
1682,TFT 308H 06,Mini
1683,TN NI-190 01,Mini
1684,TM AL FLUXCORED 05,Mini
1685,TM C276/06,Mini
1686,TN NI-190 02,Mini
1687,TT 312 07,Mini
1688,TH 67 02,Mini
1689,TCB 70C-6M 173,Mini
1690,TCC SF-309LF 06,Mini
1691,TCF 71T-1 173CO,Mini
1692,TCU NS 09Y,Mini
1693,TT 420 05,Mini
1694,TC 70S-A1 17,Mini
1695,TS 904L 08,Mini
1696,TAG 50 06,Mini
1697,TCU SB 16,Mini
1698,TT 80S-NI1 02,Mini
1699,TT 80S-B8 04,Mini
1700,TSF 308L/0 EAGLE 24,Mini
1701,TM ERTI-1/03,Mini
1702,TAG 0 04/2,Mini
1703,TM 4130 05,Mini
1704,TT308L-SI 07,Mini
1705,TSF 316LT0-1 09,Mini
1706,TU 959T/025,Mini
1707,WA H700-HD,Mini
1708,TAG 2 06/2,Mini
1709,TN 62/06,Mini
1710,TE 7014 044,Mini
1711,TCU NS/06,Mini
1712,TM 4130 01,Mini
1713,TT 430 05,Mini
1714,TU P-20 03,Mini
1715,TT 321 06A,Mini
1716,TU 943T/04,Mini
1717,TE 6010 01P,Mini
1718,TS308L-SI 01,Mini
1719,TS 630 063,Mini
1720,TT 17-7 PH/05,Mini
1721,TAS 50/50 281A,Mini
1722,TAS 96/4AG 281,Mini
1723,TCU NS/08,Mini
1724,TAS 50/50 2825S,Mini
1725,TAG 50-06/5,Mini
1726,TC 90S-B9 16,Mini
1727,TF308L-17 02,Mini
1728,TE 6010 02P,Mini
1729,TCF 70C-6M 22,Mini
1730,TN 62/04,Mini
1731,TGC 308L 04,Mini
1732,TE 7048 02,Mini
1733,TM 17-4 PH 03,Mini
1734,TC 70S-B2L 17,Mini
1735,TAS 50/50 281S,Mini
1736,WA PG154000,Mini
1737,TSF 308LT-3 07,Mini
1738,WA CCACT,Mini
1739,TB 5654 04,Mini
1740,TM COBALT-6 01B/36,Mini
1741,TS309L-SI 07,Mini
1742,TAG 2 06F,Mini
1743,TC 80S-B8 08,Mini
1744,TM X/02,Mini
1745,TS 308L 255,Mini
1746,TM 70S-2 01,Mini
1747,TN EST 01,Mini
1748,TF 307-15 01,Mini
1749,TCC NSSW SF-1A 16,Mini
1750,TB 4145 05,Mini
1751,TB 1100 01,Mini
1752,TZ COBALT-21 03,Mini
1753,TAG 56CF 06F/25,Mini
1754,TM 312 05,Mini
1755,TE 7018-1 03,Mini
1756,TU ERTI-23/03,Mini
1757,TTU 3TH 04,Mini
1758,TCF 70T-1 275,Mini
1759,TB A356 06,Mini
1760,TU CR 09,Mini
1761,TT 80S-B3L 04,Mini
1762,TT 80S-B2 03,Mini
1763,TU 938T/04,Mini
1764,TSF 2553T1-1 175,Mini
1765,TE 8016B2 02,Mini
1766,TM 4130 02,Mini
1767,WA EH600B,Mini
1768,TTU GL/T 04,Mini
1769,TGC 316L 07,Mini
1770,TT 309H 07,Mini
1771,TM 617/05,Mini
1772,TCF 71T-1 07M,Mini
1773,THF 250 243,Mini
1774,TS 308L 03,Mini
1775,TM 55/04,Mini
1776,THF 55-G 243,Mini
1777,TCU RAINIER 5A 03,Mini
1778,TC 70S-6 144,Mini
1779,TU TENSILEWELD 243,Mini
1780,TT 309/309L 08,Mini
1781,TH 67 03,Mini
1782,TCC EAGLE-ARC 719 14,Mini
1783,TSF 409T0-4 17,Mini
1784,TM 308/308L 07,Mini
1785,TC 70S-2 07,Mini
1786,TN 55/03,Mini
1787,TF 308/308H-15 01,Mini
1788,TT316L-SI 01,Mini
1789,TA 4043 241,Mini
1790,TT 17-4 PH 05U,Mini
1791,TM ERTI-5/05,Mini
1792,TA 5556 235,Mini
1793,TT 316 07,Mini
1794,TM 2594 05,Mini
1795,TE 7024 011,Mini
1796,TCC EAGLE-ARC 71 17,Mini
1797,TN 92/05,Mini
1798,TE 7018AC 01,Mini
1799,TM ERTI-1/05,Mini
1800,WA FL308R,Mini
1801,WA FG250,Mini
1802,TCU PBC 17,Mini
1803,TN 55/02,Mini
1804,TC 80S-D2 24,Mini
1805,WA PG25200,Mini
1806,TT 90S-B3 03,Mini
1807,TC 120S-1 25,Mini
1808,TAG 45CF-06/5,Mini
1809,TN INVAR 36/05,Mini
1810,TM 6013 02,Mini
1811,TT 430 02,Mini
1812,TN 625 16,Mini
1813,TM 6013 01,Mini
1814,TM 6013 001,Mini
1815,TM AB/04,Mini
1816,TE 7018-1 01,Mini
1817,TS 312 08,Mini
1818,TCU DEOX 26,Mini
1819,TAF AB 112,Mini
1820,TGS 347 27,Mini
1821,TT 420 03,Mini
1822,TT 80S-B6 02,Mini
1823,TM AB/05,Mini
1824,TU P-20 02,Mini
1825,WA EH200L,Mini
1826,TM316L-16 02,Mini
1827,TA 4043 01,Mini
1828,TM ERTI-9/04,Mini
1829,TCF 71T-1 24CO,Mini
1830,TE 4130 03,Mini
1831,TAG 15 06,Mini
1832,TN 99/02,Mini
1833,TS 316H 09,Mini
1834,TCF 120T5-K4 17,Mini
1835,TCU DEOX 08,Mini
1836,TE 8018C1 03,Mini
1837,TE 8015-B2 01,Mini
1838,TS309L-SI 16,Mini
1839,TCF 110T5-K4M 17,Mini
1840,TM 4140 05,Mini
1841,TN 67 16,Mini
1842,TT 80S-W 05,Mini
1843,TS 308 063,Mini
1844,TCD 71T-1 15,Mini
1845,TCF 110C-G 17,Mini
1846,TM 316/316L 01,Mini
1847,TS309L-SI 04,Mini
1848,TCB EAGLE BW-71T 09,Mini
1849,TTU Z/T 04,Mini
1850,TN NI-117 01,Mini
1851,TM 60/04,Mini
1852,TH 2460 02,Mini
1853,TE 8018W 02,Mini
1854,WA FP45-10,Mini
1855,TAG 40TCF-24/5,Mini
1856,TM 80S-D2 01,Mini
1857,TU CHIPG S2,Mini
1858,TM 17-4 PH 04,Mini
1859,TS 316 07,Mini
1860,TU AZ101 05,Mini
1861,WA GCWG60C,Mini
1862,TE 10016G 02,Mini
1863,TN NI-117 02,Mini
1864,TTU 3TH 07,Mini
1865,TS 316L 241,Mini
1866,TCU LFB 09,Mini
1867,TT 309LMO 04,Mini
1868,WAG GASLESS WIRE 07,Mini
1869,TAG 56CF-06/3,Mini
1870,TU 959T/005,Mini
1871,TU 4140MCG 17,Mini
1872,THF CRCRB-O 08,Mini
1873,TM LFB/07,Mini
1874,TT308L-SI 01,Mini
1875,WA TIP KING,Mini
1876,TGC 309L 04,Mini
1877,WA CC300-F,Mini
1878,TSF 410NIMOT0-4 17,Mini
1879,ZTC 70S-6 08,Mini
1880,TE 8018C1 01,Mini
1881,TM LFB/08,Mini
1882,TT 70S-3 02,Mini
1883,WA CLS-S,Mini
1884,WA PG1530,Mini
1885,TAF SB 106,Mini
1886,TSF 308LT-3 17,Mini
1887,TAF SB 116,Mini
1888,CW 70S-6 173,Mini
1889,TCU SB 24,Mini
1890,TU 959T/007,Mini
1891,WA H750,Mini
1892,TSF 347T1-1 09,Mini
1893,TF 316/316H-16 03,Mini
1894,TT 420 02,Mini
1895,TSF 316LT0-1 243,Mini
1896,WC GREEN SPAT 03,Mini
1897,TM 600/03,Mini
1898,TA 1100 236,Mini
1899,TAF GP 116,Mini
1900,TM NI-55 03,Mini
1901,TF 312-16 04,Mini
1902,TSF 316L/0 EAGLE 24,Mini
1903,TCC EAGLE-ARC 719 15,Mini
1904,TS 630 08,Mini
1905,TS316L-SI 07,Mini
1906,TAG 56CF-236/1,Mini
1907,TT 80S-B6 07,Mini
1908,TM 347 06,Mini
1909,TU CUTROD 03,Mini
1910,TT308L-SI 00,Mini
1911,TU 4140 06,Mini
1912,TM 718/05,Mini
1913,TM 718/04,Mini
1914,TE 4340 02,Mini
1915,TM ZIRC 702/06,Mini
1916,TT 430 03,Mini
1917,TT 80S-W 06,Mini
1918,TM316L-16 00,Mini
1919,TTU L/T 07,Mini
1920,TM 937T/05,Mini
1921,TB 5654 06,Mini
1922,TAS 60/40 261R,Mini
1923,TAG 45 04,Mini
1924,WA EH200J,Mini
1925,TU BE-CU/04,Mini
1926,TCU MNAB/06,Mini
1927,TAG 56CF 03,Mini
1928,TE 6012 01,Mini
1929,TW GASLESS WIRE 05,Mini
1930,TE 7018AC 033,Mini
1931,TB 5554 04,Mini
1932,TM W/03,Mini
1933,TS308L-SI 09,Mini
1934,YTE 11018M 02,Mini
1935,TM AL345 03,Mini
1936,TT 316L 03,Mini
1937,TM 625/03,Mini
1938,WG 209,Mini
1939,YTE 11018M 03,Mini
1940,TS 308 04,Mini
1941,TM 4047 04,Mini
1942,TC CONE 09,Mini
1943,TT 410 07,Mini
1944,TU P-20 002,Mini
1945,TAG 45CF-236/1,Mini
1946,WA H700-IL/5,Mini
1947,TU ZIRC 702/07,Mini
1948,YTE 9018-B3 04,Mini
1949,TU 937T/06,Mini
1950,TN NI-A 04,Mini
1951,TC 70S-A1 09,Mini
1952,TAG 35CF 05F,Mini
1953,TB 5356 01,Mini
1954,TE 7024 02HC,Mini
1955,TA 5356 15,Mini
1956,TA 4043 05,Mini
1957,TE 7010A1 03,Mini
1958,TF 312-16 00,Mini
1959,TF410NIMO-16 01,Mini
1960,TU CUTROD 01,Mini
1961,TCU PBC/08,Mini
1962,TT 409CB 06,Mini
1963,TN W/05,Mini
1964,TU RCI 08,Mini
1965,TB 1100 03,Mini
1966,TM 320LR 04,Mini
1967,TM P-20 05,Mini
1968,TSF 316LT-3 07,Mini
1969,TAS 50/50 281R,Mini
1970,TU 937T/05,Mini
1971,TM C276/04,Mini
1972,TM 4943 05,Mini
1973,TS 309L 15,Mini
1974,WA EH350L,Mini
1975,TN 686 08,Mini
1976,TC CONE 10,Mini
1977,TCU PBA/06,Mini
1978,TC 120S-1 08,Mini
1979,TM 4130 03,Mini
1980,TF 630-16 02,Mini
1981,TM CU-NI-AL/05,Mini
1982,WA H855D-TC ADF,Mini
1983,TT 100S-1 06,Mini
1984,TS 316 04,Mini
1985,TM 67/05,Mini
1986,TM 61/06,Mini
1987,WA CLS-M,Mini
1988,WAG GASLESS WIRE 04,Mini
1989,TFT 316L 0520,Mini
1990,TAS 780 KIT,Mini
1991,TU CHAMFER04,Mini
1992,TT 80S-B2 02,Mini
1993,TSF 316LT-3 08,Mini
1994,TGC 50S 07,Mini
1995,TM 82/02,Mini
1996,WA GC200J,Mini
1997,TU 937T/03,Mini
1998,TM 70S-3 05,Mini
1999,TM 60/05,Mini
2000,TT 80S-B6 03,Mini
2001,TF 316-16 00,Mini
2002,TAF SB 216,Mini
2003,TAG 50NCF-27/5,Mini
2004,TC 110S-1 16,Mini
2005,TT 209 04,Mini
2006,TAG 56CF-06/5,Mini
2007,TM C22/04,Mini
2008,WA GC200L,Mini
2009,TA 5356 01,Mini
2010,TAG 56CF-27/5,Mini
2011,TCU NS 04,Mini
2012,WA CL-TE-1AF,Mini
2013,TT 309/309L 01,Mini
2014,TCU NAVAL BRONZE/06,Mini
2015,TM C276/02,Mini
2016,TB 4047 07,Mini
2017,TAG 45CF 03,Mini
2018,TAG 2 04/2C,Mini
2019,TE 7048 03,Mini
2020,TM 316/316L 00,Mini
2021,TAG 0 05,Mini
2022,WA ROUND HOLDER,Mini
2023,TU 959T/01,Mini
2024,WA H855D ADF,Mini
2025,TM 4043 02,Mini
2026,TG K1000A HEAD/SCREW,Mini
2027,TU ERTI-5 ELI/038,Mini
2028,TG G/C 03,Mini
2029,TSF 308LT0-1 08,Mini
2030,TAS 40/60 281A,Mini
2031,TU D50 06B/36,Mini
2032,WA H754,Mini
2033,TM 17-4 PH 01,Mini
2034,WA TIP L,Mini
2035,WA MAG-M,Mini
2036,WA PG25100,Mini
2037,TM 70S-3 04,Mini
2038,ZTC 70S-6 05,Mini
2039,TM ERTI-1/02,Mini
2040,TAG 5 04/2,Mini
2041,TE 8015-B6 01,Mini
2042,TS 308 02,Mini
2043,TTU 2% TUNGSTEN 03,Mini
2044,TE 9018B3 01HSC,Mini
2045,TE 8015-B6 02,Mini
2046,TM 316-15 01,Mini
2047,TAG 50NCF 03,Mini
2048,TM 4130 06,Mini
2049,WA FG1530,Mini
2050,TT 430 06,Mini
2051,TAF SB 104,Mini
2052,TU 958T/05,Mini
2053,TM SB/02,Mini
2054,TS 308 01,Mini
2055,TS 308 07,Mini
2056,TA 5356 077,Mini
2057,TM 4043 07,Mini
2058,TB 5556 04,Mini
2059,TM 92/01,Mini
2060,TAF AB 106,Mini
2061,TS 309L 241,Mini
2062,TT 316H 04,Mini
2063,TM 700 02,Mini
2064,TG G/C 08,Mini
2065,TA 4047 04,Mini
2066,TU CHIPG B.,Mini
2067,TS 316 09,Mini
2068,TT 70S-6 05N,Mini
2069,TT 312 08,Mini
2070,TAS 95/5SB 261,Mini
2071,TU ERTI-1/02,Mini
2072,TF 410-16 03,Mini
2073,ZTC 70S-6 173,Mini
2074,TE 10016G 03,Mini
2075,TC EAGLE-ARC 980X 04,Mini
2076,TB 5554 03,Mini
2077,TT 308L 02,Mini
2078,TU 4130 08,Mini
2079,TM AZ61A 06,Mini
2080,TM 330 04,Mini
2081,TM X/05,Mini
2082,TM TENSILEWELD/06,Mini
2083,TU 943T/005,Mini
2084,TA 4047 2355,Mini
2085,TAG 56CF 04/2,Mini
2086,TU 966T/02,Mini
2087,TAS 60/40 281A,Mini
2088,TM 959T/04,Mini
2089,WA EH350T,Mini
2090,TU 30/40 06,Mini
2091,TAS 50/50 241A,Mini
2092,TT 100S-1 02,Mini
2093,TS 316L 15,Mini
2094,TCF 70C-6M 17,Mini
2095,TM 90S-B3 04,Mini
2096,TM C22/05,Mini
2097,TM 308H 07,Mini
2098,TU 943T/007,Mini
2099,TE 12018M 01,Mini
2100,TM TENSL 03,Mini
2101,WA CC400-M,Mini
2102,TCU AB 07,Mini
2103,TCU AB/03,Mini
2104,TS 312 07,Mini
2105,TC 70S-3 04,Mini
2106,TAS 40/60 241R,Mini
2107,TS 308L 15,Mini
2108,TN 67 07,Mini
2109,TM 100S-1 05,Mini
2110,TS 630 16,Mini
2111,TM CU-NI-AL/04,Mini
2112,TCU PBA/05,Mini
2113,TG K1000A BOTTOM INS,Mini
2114,TM 80S-D2 06,Mini
2115,TU 8620 04,Mini
2116,TCU PBA 08,Mini
2117,TM BE-CU/04,Mini
2118,TM 70S-3 06,Mini
2119,TU 959T/010,Mini
2120,THF CRCRB-O 07,Mini
2121,TT 80S-G 04,Mini
2122,TU ERTI-5/02,Mini
2123,TM 8620 05,Mini
2124,WA H744/H855-HHA,Mini
2125,TN 82 07,Mini
2126,TM 320LR 05,Mini
2127,TTU Z/T 07,Mini
2128,TSF 308LT1-1 15,Mini
2129,TH 600 02,Mini
2130,WA H744 ADF,Mini
2131,TM 17-4 PH 05,Mini
2132,TF 430-16 03,Mini
2133,TAG 45CF-27/1,Mini
2134,TF 430-16 02,Mini
2135,TA 5556 05,Mini
2136,WA ECM 50R,Mini
2137,TE 8015-B8 02,Mini
2138,TA 4043 045,Mini
2139,WA H744-IL/5,Mini
2140,TAG 56CF-27/1,Mini
2141,TM 5356 07,Mini
2142,TU 4130 16,Mini
2143,TE 6011 04P,Mini
2144,TC 70S-6 08B,Mini
2145,TC 80S-W 16,Mini
2146,TS309L-SI 02,Mini
2147,TG K1000A VALVE/BONN,Mini
2148,TN 625/00,Mini
2149,TCU SB 14,Mini
2150,WA PG15100,Mini
2151,TE 8018C2 03,Mini
2152,TU TENSILEWELD/08,Mini
2153,TM 309/309L 01,Mini
2154,TF 630-16 04,Mini
2155,TM 410 04,Mini
2156,TAF CI 116,Mini
2157,TM C276/015,Mini
2158,TM 99/06,Mini
2159,TM RG 60 05,Mini
2160,TCU PHOSBRONZE A 03,Mini
2161,TH 15 02,Mini
2162,TM 17-4 PH 02,Mini
2163,TS 308 15,Mini
2164,TCC EAGLE-ARC 719 22,Mini
2165,TM C22/02,Mini
2166,TA 5356 055,Mini
2167,TS 309 07,Mini
2168,TTU P/T 06,Mini
2169,TSF 309LT1-1 15,Mini
2170,TM LFB 07,Mini
2171,TN 92/03,Mini
2172,TM 60/02,Mini
2173,TT309L-SI 07,Mini
2174,TM 5554 04,Mini
2175,TS 410NIMO 08,Mini
2176,TM A356 05,Mini
2177,ZTC 70S-6 02,Mini
2178,WA PG2 LENS,Mini
2179,TCU AB-1/04,Mini
2180,TM X/03,Mini
2181,WA EH300J,Mini
2182,TE 8016B2 03,Mini
2183,TF 630-16 03,Mini
2184,TM 4047 05,Mini
2185,TE7018B2L 01,Mini
2186,TTU Z/T 08,Mini
2187,WA ML-200,Mini
2188,TS 316H 08,Mini
2189,WA FG230,Mini
2190,TM ERTI-5/04,Mini
2191,TCU AB-1/06,Mini
2192,THF 450 16,Mini
2193,TM X/06,Mini
2194,TM 330 06,Mini
2195,TC CONE 05,Mini
2196,WA WR1013,Mini
2197,TU PHOSBRONZE C 01U,Mini
2198,TT 409CB 02,Mini
2199,TM 959T/05,Mini
2200,TAF RSF 116,Mini
2201,TAG 50NCF-06/5,Mini
2202,THF 350HT 16,Mini
2203,WA WIRE BRUSH ST,Mini
2204,TCU DEOX/07,Mini
2205,TSF 316LT1-1 07,Mini
2206,TAS 40/60 281S,Mini
2207,TM AZ92A 04,Mini
2208,TAG 50NCF 044,Mini
2209,TM 320LR 03,Mini
2210,TT 308L 05U,Mini
2211,TT 409CB 03,Mini
2212,TM 4340 05,Mini
2213,TC 100S-1 16,Mini
2214,TF316L-15 02,Mini
2215,TT 80S-W 04,Mini
2216,TAG 56CF-236/5,Mini
2217,WA PG15400,Mini
2218,TC 80S-D2 07,Mini
2219,TM 410 02,Mini
2220,TM NS/05,Mini
2221,TM 6011 03,Mini
2222,TM 90S-B3 03,Mini
2223,TCC SF-308LF 04,Mini
2224,TM RG 60 06,Mini
2225,TAF SB 206,Mini
2226,TM 312 06,Mini
2227,TC 70S-2 16,Mini
2228,TN 2553/02,Mini
2229,TM RG 45 07,Mini
2230,WA EHTW20/25,Mini
2231,TS309L-SI 15,Mini
2232,TTU P/T 05,Mini
2233,TW 71T-11 24,Mini
2234,TAG 50-24/5,Mini
2235,TS316L-SI 16,Mini
2236,TE 8018C1 04,Mini
2237,TAS 50/50 261A,Mini
2238,TU TENSL 04,Mini
2239,TA 4145 07,Mini
2240,TAG 50N 03,Mini
2241,TAG 54CF-06/1,Mini
2242,TE 7028 05,Mini
2243,TT 347H 06,Mini
2244,WA ML-250,Mini
2245,TM 312 02,Mini
2246,TE 8018-B8 01,Mini
2247,TCB EAGLE-ARC 70C 17,Mini
2248,TM 7018 03,Mini
2249,TM 218 03,Mini
2250,TM SB/07,Mini
2251,TP MP 01,Mini
2252,TM 90S-B3 05,Mini
2253,TAG 56CF KIT,Mini
2254,TM COBALT-12 02B/36,Mini
2255,TAS 60/40 281S,Mini
2256,TAG 0 05/2,Mini
2257,TS 310 07,Mini
2258,TT 309 05,Mini
2259,TU AZ92A 07,Mini
2260,TAG 45 06,Mini
2261,TM 5356 03,Mini
2262,TT 316 06,Mini
2263,TAS 96/4AG 241,Mini
2264,TM 5654 05,Mini
2265,WA TIP CLEAN ASST RP,Mini
2266,TM 218 04,Mini
2267,TSF 316LT1-1 15,Mini
2268,TN 625 07,Mini
2269,TS 630 07,Mini
2270,TN 625 15,Mini
2271,TM 6010 02,Mini
2272,TM 120S-1 04,Mini
2273,TAG 40NCF-24/5,Mini
2274,TM 904L 04,Mini
2275,TGC 316L 04,Mini
2276,WA H800-TC ADF,Mini
2277,TH 600 03,Mini
2278,TAG 35CF-24/5,Mini
2279,TM 904L 07,Mini
2280,TM 70S-3 03,Mini
2281,TM 7016 02,Mini
2282,TM 7014 01,Mini
2283,TM 6010 01,Mini
2284,TC 120S-1 07,Mini
2285,TG K1000A UPPER INS,Mini
2286,TM 82/06,Mini
2287,TM 2209 04,Mini
2288,TM 309-16 02,Mini
2289,TF 308-16 04,Mini
2290,TM 625/01,Mini
2291,TM 110S-1 04,Mini
2292,TE 6011 022N,Mini
2293,TC 70S-6 03B,Mini
2294,TM 943T/05,Mini
2295,TM 316L/015,Mini
2296,TN 82 15,Mini
2297,WA PG15200,Mini
2298,TM 2209 02,Mini
2299,TE 6022 022,Mini
2300,TCU DEOX/02,Mini
2301,TM RG 60 04,Mini
2302,TT 120S-1 03,Mini
2303,TM309L-16 00,Mini
2304,TM 61/02,Mini
2305,TAS 94/6AG 281,Mini
2306,TAG 50-24/1,Mini
2307,WA ECM 30R,Mini
2308,TA 5183 235,Mini
2309,TC 90S-B3 07,Mini
2310,TE 8016-B8 02,Mini
2311,TM 317L 06,Mini
2312,TM 357.0 04,Mini
2313,TE 8016-B6 02,Mini
2314,TM 4145 05,Mini
2315,TE 8016-B6 03,Mini
2316,TE 8016-B6 04,Mini
2317,TE SUPER 500 01,Mini
2318,TM 61/03,Mini
2319,TG K1000A SPRING,Mini
2320,TAG 35CF-24/1,Mini
2321,TCU PBC 15,Mini
2322,TC 70S-6 13,Mini
2323,TM 2594 04,Mini
2324,TM 718/02,Mini
2325,WA CLH-L,Mini
2326,TM 700 03,Mini
2327,TAG 45CF-06/3,Mini
2328,TCU DEOX 07,Mini
2329,TM 2319 03,Mini
2330,TM TENSILEWELD/02,Mini
2331,TU 935T/05,Mini
2332,TAG 50N 24/3,Mini
2333,WA MI-SL-PIEZO,Mini
2334,TCU AB 15,Mini
2335,TT 308/308L 04U,Mini
2336,TM 718/03,Mini
2337,WA ML-300,Mini
2338,TW 71T-11 15,Mini
2339,TT 316 05,Mini
2340,WA FL508R,Mini
2341,TM 938T/04,Mini
2342,TM 2319 05,Mini
2343,TU 6150 04,Mini
2344,TM 4340 04,Mini
2345,TM C22/06,Mini
2346,TM 430 04,Mini
2347,TCU MNAB 15,Mini
2348,TM 4643 06,Mini
2349,TM 617/06,Mini
2350,TM 61/04,Mini
2351,TE9018B3L 02,Mini
2352,TM 4140 04,Mini
2353,TM 1100 04,Mini
2354,TM 99/03,Mini
2355,TM309L-SI 04,Mini
2356,TM NS/04,Mini
2357,ZTC 70S-6 063,Mini
2358,TM309L-SI 05,Mini
2359,TM 718/06,Mini
2360,TM C276/03,Mini
2361,TC 70S-2 01,Mini
2362,TM 8620 04,Mini
2363,WA CC400-F,Mini
2364,WA WIRE BRUSH SS,Mini
2365,TM 61/05,Mini
2366,WA MI-EHS-M,Mini
2367,TM 80S-B2 03,Mini
2368,TM 308L 07,Mini
2369,TSF 308LT0-1 07,Mini
2370,WA ML-150,Mini
2371,TAF SB 208,Mini
2372,TAG 6 06F,Mini
2373,TH 500 02,Mini
2374,TH 500 03,Mini
2375,TM 60/06,Mini
2376,TU D60 02,Mini
2377,TM 110S-1 05,Mini
2378,TCU AB-1 07,Mini
2379,TAF SFP 104,Mini
2380,TS316L-SI 04,Mini
2381,TM 5356 01,Mini
2382,TC 70S-3 15,Mini
2383,TM NI-141 01,Mini
2384,TU TC 07,Mini
2385,TM 67/04,Mini
2386,TF 410-16 04,Mini
2387,WA PG25 LENS,Mini
2388,WA PG15 LENS,Mini
2389,TM 70S-3 07,Mini
2390,TCU AB 04,Mini
2391,TCU RAINIER 5A 01,Mini
2392,TU 4130 07,Mini
2393,TM RG 60 07,Mini
2394,TM 310 06,Mini
2395,TM 310 07,Mini
2396,WA CHWH-20,Mini
2397,TAG 50NCF-24/1,Mini
2398,TU TC 02,Mini
2399,TM DEOX/05,Mini
2400,TE 7048 01,Mini
2401,TS 347 04,Mini
2402,TM 410NIMO 02,Mini
2403,TT 410NIMO 02,Mini
2404,TM 9018B9 01,Mini
2405,WA H800-RK,Mini
2406,TH 67 04,Mini
2407,TE 8016-B6 01,Mini
2408,TM 4943 04,Mini
2409,TM 5183 05,Mini
2410,WA ML-225,Mini
2411,WA FG2530,Mini
2412,TM316L-SI 01,Mini
2413,TAG 30CF 0420,Mini
2414,TM 430 05,Mini
2415,TM AB3/05,Mini
2416,TE SUPER 100 01,Mini
2417,WA ML-100,Mini
2418,TM RG 45 03,Mini
2419,TC 80S-W 07,Mini
2420,TAG 25CF-25/1,Mini
2421,TM PBC/04,Mini
2422,TM 17-4 PH 06,Mini
2423,TM NB/05,Mini
2424,TM 80S-NI2 05,Mini
2425,TM 6013 03,Mini
2426,TAS 40/60 261R,Mini
2427,TAF AS 108,Mini
2428,TM308L-16 04,Mini
2429,TM 2209 05,Mini
2430,TM 70S-2 07,Mini
2431,TAG 45CF KIT,Mini
2432,WA TW-250,Mini
2433,TM 317L 04,Mini
2434,TS 309 04,Mini
2435,TM 14 02,Mini
2436,TS 316L 22,Mini
2437,TR RG 60 09,Mini
2438,WA FP24-10,Mini
2439,TAG 45CF-28/1,Mini
2440,TAF SF 204,Mini
2441,TM 80S-B6 03,Mini
2442,TM 310 04,Mini
2443,TE 6011 044,Mini
2444,TM 800 02,Mini
2445,TM 1100 05,Mini
2446,WG SG234,Mini
2447,TM 310 05,Mini
2448,TU ALU-ZINC 04,Mini
2449,TAG 50N-06/1,Mini
2450,TM 7018AC 02,Mini
2451,TU CHAMFER01,Mini
2452,TM 70S-7 05,Mini
2453,TM 420 02,Mini
2454,TS 2209 07,Mini
2455,TM DEOX/04,Mini
2456,TAF SB 204,Mini
2457,TM 5556 05,Mini
2458,WA H744/H855-SB,Mini
2459,TM CASCADE 18A 02-O,Mini
2460,TM 308H 04,Mini
2461,TM 308H 05,Mini
2462,WA MCM8-F,Mini
2463,TT 70S-6 025,Mini
2464,TM 80S-B2 04,Mini
2465,TM 80S-B2 05,Mini
2466,TC 70S-3 07,Mini
2467,TT309L-SI 02,Mini
2468,TM 90S-B3 06,Mini
2469,TM EST 01,Mini
2470,WA SG201,Mini
2471,WA FP45-11,Mini
2472,WA H700-MK,Mini
2473,TA 4047 07,Mini
2474,WA TW-20,Mini
2475,TM SUPER 300 01-O,Mini
2476,TU ALU-ZINC 03,Mini
2477,WA ML-125,Mini
2478,WA ML-175,Mini
2479,TR RG 45 09,Mini
2480,TA 5183 04,Mini
2481,WA CLH-S,Mini
2482,WA WIRE BRUSH BR,Mini
2483,WG SG231,Mini
2484,TM 7014 02,Mini
2485,WA ML-75,Mini
2486,TTU C/T 03,Mini
2487,TG K1000A O-RING,Mini
2488,TM 70S-6 08,Mini
2489,WA FP45-9,Mini
2490,WA H744/H855-NK,Mini
2491,TM EST 02,Mini
2492,WA H800D-TC XL BRACKET,Mini
2493,TM 70S-6 07,Mini
2494,WA FP45-13,Mini
2495,TC 70S-6 093,Best
2496,TE 7018 02,Best
2497,TC 70S-6 104,Best
2498,TC 70S-6 173,Best
2499,TC 70S-6 184,Best
2500,TE 6011 02,Best
2501,TC 70S-6 08,Best
2502,TC 70S-6 05,Best
2503,TC 70S-6 123,Best
2504,TCC EAGLE-ARC 719 17,Best
